Stammesnr.;VCP-Land;Bezirk/Gau/Region;Stammesname;Stammesort;;;;;;;;;;;;;;
121001;Hamburg;Harburg;Ulrich von Hutten;20095 Hamburg Neugraben;;;;;;;;;;;;;;
121002;Hamburg;Harburg;Klaus Störtebeker Finkenwerder;21129 Hamburg Finkenwerder;;;;;;;;;;;;;;
121003;Hamburg;Harburg;Bischof Ansgar Sinstorf;21077 Hamburg Sinstorf;;;;;;;;;;;;;;
121004;Hamburg;Harburg;Matthias Claudius;21077 Hamburg Eißendorf;;;;;;;;;;;;;;
;;;;;;;;;;;;;;;;;;
122001;Hamburg;West;Simon von Utrecht;22587 Hamburg Blankenese;;;;;;;;;;;;;;
122002;Hamburg;West;Elbe;22605 Hamburg Othmarschen;;;;;;;;;;;;;;
122003;Hamburg;West;Sankt Rafael;22523 Hamburg Eidelstedt;;;;;;;;;;;;;;
122004;Hamburg;West;St. Paulus;20259 Hamburg Eimsbüttel;;;;;;;;;;;;;;
122005;Hamburg;West;Johannes Bugenhagen;22455 Hamburg Niendorf;;;;;;;;;;;;;;
122006;Hamburg;West;Weiße Rose ;25355 Barmstedt;;;;;;;;;;;;;;
122007;Hamburg;West;Graf Adolf von Schauenburg;20149 Hamburg Harvestehude;;;;;;;;;;;;;;
122008;Hamburg;West;Pfadfinderstamm bei der Lutherbuche;22529 Hamburg Lokstedt;;;;;;;;;;;;;;
;;;;;;;;;;;;;;;;;;
123001;Hamburg;Alster-Bille;Astrid Lindgren ;22307 Hamburg Barmbek-Nord;;;;;;;;;;;;;;
123002;Hamburg;Alster-Bille;Hohenstaufen;22297 Hamburg Alsterdorf;;;;;;;;;;;;;;
123003;Hamburg;Alster-Bille;Bapu;22359 Hamburg Volksdorf;;;;;;;;;;;;;;
123004;Hamburg;Alster-Bille;Martin Luther King;22885 Barsbüttel;;;;;;;;;;;;;;
123005;Hamburg;Alster-Bille;Charlotte Paulsen;22041 Hamburg-Wandsbek;;;;;;;;;;;;;;
123006;Hamburg;Alster-Bille;Graf Rantzau;22926 Ahrensburg;;;;;;;;;;;;;;
123007;Hamburg;Alster-Bille;Dietrich Bonhoeffer ;21465 Hamburg-Reinbek;;;;;;;;;;;;;;
;;;;;;;;;;;;;;;;;;
130101;Mecklenburg-Vorpommern;ohne;Stamm Waldkauz;18292 Kuchelmiß-Serrahn;;;;;;;;;;;;;;
130102;Mecklenburg-Vorpommern;ohne;Eric der Entdecker;19836 Lübz;;;;;;;;;;;;;;
130103;Mecklenburg-Vorpommern;ohne;Die spähenden Falken;19069 GroßTrebbow;;;;;;;;;;;;;;
130104;Mecklenburg-Vorpommern;ohne;Stamm Weitenhagen;17498 Weitenhagen;;;;;;;;;;;;;;
130105;Mecklenburg-Vorpommern;ohne;Groß Kleiner Elstern;18109 Rostock;;;;;;;;;;;;;;
130106;Mecklenburg-Vorpommern;ohne;Wanderfalken;17192 Waren ;;;;;;;;;;;;;;
130107;Mecklenburg-Vorpommern;ohne;Die Luchse;17166 Teterow;;;;;;;;;;;;;;
130108;Mecklenburg-Vorpommern;ohne;Dargun + Stamm Levin/Zarnekow;17159 Dargun;;;;;;;;;;;;;;
130109;Mecklenburg-Vorpommern;ohne;Biestower Braunbären;18059 Rostock (Stadtteil Biestow);;;;;;;;;;;;;;
130110;Mecklenburg-Vorpommern;ohne;Dierkower Erdmännchen;18146 Rostock (Stadtteil Dierkow);;;;;;;;;;;;;;
130111;Mecklenburg-Vorpommern;ohne;Scouven Güstrow;18273 Güstrow;;;;;;;;;;;;;;
130112;Mecklenburg-Vorpommern;ohne;Turmfalken Remplin;17139 Remplin;;;;;;;;;;;;;;
130113;Mecklenburg-Vorpommern;ohne;Stamm Vineta ;18190 Sanitz b. Rostock;;;;;;;;;;;;;;
130114;Mecklenburg-Vorpommern;ohne;Stamm Luzin ;17258 Feldberger Seenlandschaft;;;;;;;;;;;;;;
130115;Mecklenburg-Vorpommern;ohne;St. Jakobus Kavelstorf;18196 Kavelstorf;;;;;;;;;;;;;;
130116;Mecklenburg-Vorpommern;ohne;Wittenburg;19243 Wittenburg;;;;;;;;;;;;;;
130117;Mecklenburg-Vorpommern;ohne;Klinkener Füchse;19374 Klinken;;;;;;;;;;;;;;
130118;Mecklenburg-Vorpommern;ohne;St. Georg;19406 Dabel;;;;;;;;;;;;;;
130119;Mecklenburg-Vorpommern;ohne;Stamm Heinrich der Löwe;19057 Schwerin (Stadtteil Lankow);;;;;;;;;;;;;;
130120;Mecklenburg-Vorpommern;ohne;Stamm Rügen;18528 Bergen auf Rügen;;;;;;;;;;;;;;
130121;Mecklenburg-Vorpommern;ohne;Vellahner Pfauen;19260 Vellahn;;;;;;;;;;;;;;
130122;Mecklenburg-Vorpommern;ohne;Seeadler;23996 Dambeck;;;;;;;;;;;;;;
130123;Mecklenburg-Vorpommern;ohne;Warnemünder Wölfe;18109 Warnemünde;;;;;;;;;;;;;;
130124;Mecklenburg-Vorpommern;ohne;Lichtenhäger Wüstenfüchse;18109 Rostock (Stadtteil Lichtenhagen);;;;;;;;;;;;;;
130125;Mecklenburg-Vorpommern;ohne;Rövershäger Eichhörnchen;18182 Rövershagen;;;;;;;;;;;;;;
130126;Mecklenburg-Vorpommern;ohne;Thor Heyerdahl Bernitt Neukirchen;18249 Bernitt;;;;;;;;;;;;;;
130127;Mecklenburg-Vorpommern;ohne;Neugründung Slate;19370 Slate;;;;;;;;;;;;;;
;;;;;;;;;;;;;;;;;;
140101;Sachsen;ohne;Pingtrosse;04448 Leipzig-Wiederitzsch;;;;;;;;;;;;;;
140102;Sachsen;ohne;frei;;;;;;;;;;;;;;;
140103;Sachsen;ohne;Elbpiraten;04889 Schildau (Gneisenaustadt);;;;;;;;;;;;;;
140104;Sachsen;ohne;Karl May;01324 Dresden-Bühlau;;;;;;;;;;;;;;
140105;Sachsen;ohne;Heinrich Zille;01458 Ottendorf-Okrilla Medingen;;;;;;;;;;;;;;
140106;Sachsen;ohne;Morgenstern;04105 Leipzig;;;;;;;;;;;;;;
140107;Sachsen;ohne;frei;02747 Berthelsdorf b. Herrnhut;;;;;;;;;;;;;;
140108;Sachsen;ohne;Heinrich von Berlepsch;09212 Limbach-Oberfrohna-Kändler;;;;;;;;;;;;;;
140109;Sachsen;ohne;Schwarzkiefer;01109 Dresden-Klotzsche;;;;;;;;;;;;;;
140110;Sachsen;ohne;Einsiedel;09322 Penig;;;;;;;;;;;;;;
140111;Sachsen;ohne;Salomo;09232 Hartmannsdorf;;;;;;;;;;;;;;
140112;Sachsen;ohne;Rotfuchs;01445 Radebeul;;;;;;;;;;;;;;
140113;Sachsen;ohne;St. Wenceslai;04808 Wurzen;;;;;;;;;;;;;;
140114;Sachsen;ohne;Johannes der Täufer;09322 Penig Niedersteinbach;;;;;;;;;;;;;;
140115;Sachsen;ohne;Schleiereulen Radeberg;01454 Radeberg;;;;;;;;;;;;;;
140116;Sachsen;ohne;St. Jakobus    ;04827 Machern;;;;;;;;;;;;;;
140117;Sachsen;ohne;frei;;;;;;;;;;;;;;;
140118;Sachsen;ohne;frei;;;;;;;;;;;;;;;
140119;Sachsen;ohne;St. Kilian;04651 Bad Lausick;;;;;;;;;;;;;;
140120;Sachsen;ohne;Heiliger Born;01219 Dresden Leubnitz-Neuostra;;;;;;;;;;;;;;
140121;Sachsen;ohne;Steinadler;01099 Dresden Neustadt;;;;;;;;;;;;;;
140122;Sachsen;ohne;Turmfalken ;04683 Naunhof;;;;;;;;;;;;;;
140123;Sachsen;ohne;VCP Waldohreulen Oberlungwitz;09353 Oberlungwitz;;;;;;;;;;;;;;
140124;Sachsen;ohne;Andreas Schubert;08491 Limbach;;;;;;;;;;;;;;
140125;Sachsen;ohne;Pilgrim;01187 Dresden;;;;;;;;;;;;;;
140126;Sachsen;ohne;Stamm Eisvogel;04107 Leipzig;;;;;;;;;;;;;;
140127;Sachsen;ohne;Trachenschlucht;01097 Dresden;;;;;;;;;;;;;;
140128;Sachsen;ohne;frei;02797 Lückendorf;;;;;;;;;;;;;;
140129;Sachsen;ohne;frei;02779 Großschönau-Hainewalde;;;;;;;;;;;;;;
140130;Sachsen;ohne;Stamm de Auenwaldräuber;04277 Leipzig;;;;;;;;;;;;;;
140131;Sachsen;ohne;frei;;;;;;;;;;;;;;;
140132;Sachsen;ohne;Katharina von Bora;04575 Neukieritzsch;;;;;;;;;;;;;;
140133;Sachsen;ohne;VCP Stamm MOBU;01468 Reichenberg;;;;;;;;;;;;;;
;;;;;;;;;;;;;;;;;;
140201;Sachsen;Oberlausitz;Drachentiere;02747 Berthelsdorf b. Herrnhut;;;;;;;;;;;;;;
140202;Sachsen;Oberlausitz;Stamm Gebirgsfalken;02797 Lückendorf;;;;;;;;;;;;;;
140203;Sachsen;Oberlausitz;Stamm Räuberhauptmann Karasek;02779 Großschönau-Hainewalde;;;;;;;;;;;;;;
;;;;;;;;;;;;;;;;;;
;;;;;;;;;;;;;;;;;;
150101;Berlin-Brandenburg;Berlin;Alexander von Humboldt;12459 Berlin Oberschöneweide;;;;;;;;;;;;;;
150102;Berlin-Brandenburg;Berlin;Otto Witte;13187 Berlin Pankow;;;;;;;;;;;;;;
150103;Berlin-Brandenburg;Berlin;Thomas Müntzer;14050 Berlin Schöneberg;;;;;;;;;;;;;;
150104;Berlin-Brandenburg;Berlin;Weiße Rose-Mariendorf;12109 Berlin Mariendorf;;;;;;;;;;;;;;
150105;Berlin-Brandenburg;Berlin;Stephanus;14129 Berlin Zehlendorf;;;;;;;;;;;;;;
150106;Berlin-Brandenburg;Berlin;Theodor Fontane;13627 Berlin Charlottenburg;;;;;;;;;;;;;;
150107;Berlin-Brandenburg;Berlin;Askanier;13593 Berlin Spandau;;;;;;;;;;;;;;
150108;Berlin-Brandenburg;Berlin;VCP Siemensstadt;13629 Berlin Siemensstadt;;;;;;;;;;;;;;
150109;Berlin-Brandenburg;Berlin;Berlin Mitte;10178 Berlin Mitte;;;;;;;;;;;;;;
150110;Berlin-Brandenburg;Berlin;Fredy Hirsch;10967 Berlin-Kreuzberg;;;;;;;;;;;;;;
150111;Berlin-Brandenburg;Berlin;Nikolassee;;;;;;;;;;;;;;;
;;;;;;;;;;;;;;;;;;
150150;Berlin-Brandenburg;Brandenburg;Aboriginees;16303 Schwedt-Oder-Stendell;;;;;;;;;;;;;;
150151;Berlin-Brandenburg;Brandenburg;Rheinsberg;16831 Rheinsberg (Mark);;;;;;;;;;;;;;
150152;Berlin-Brandenburg;Brandenburg;Friedenstauben;16348 Wandlitz;;;;;;;;;;;;;;
150153;Berlin-Brandenburg;Brandenburg;Dietrich-Bonhoeffer;14467 Potsdam;;;;;;;;;;;;;;
150154;Berlin-Brandenburg;Brandenburg;Spreewölfe;15537 Erkner-Neu Zittau;;;;;;;;;;;;;;
150155;Berlin-Brandenburg;Brandenburg;Blankenfelde;15827 Blankenfelde;;;;;;;;;;;;;;
150156;Berlin-Brandenburg;Brandenburg;Saarmund;14552 Saarmund;;;;;;;;;;;;;;
150157;Berlin-Brandenburg;Brandenburg;Red Ants-Zossen;15806 Zossen (b. Berlin);;;;;;;;;;;;;;
150158;Berlin-Brandenburg;Brandenburg;Johannesstift;13629 Berlin-Siemensstadt;;;;;;;;;;;;;;
150159;Berlin-Brandenburg;Brandenburg;Uckamerka;17291 Prenzlau;;;;;;;;;;;;;;
150160;Berlin-Brandenburg;Brandenburg;Neugründung;03050 Cottbus;;;;;;;;;;;;;;
150161;Berlin-Brandenburg;Brandenburg;Neugründung;16269 Wriezen;;;;;;;;;;;;;;
150162;Berlin-Brandenburg;Brandenburg;Groß Kreutz/Stamm Krusevica;14550 Groß Kreutz;;;;;;;;;;;;;;
150163;Berlin-Brandenburg;Brandenburg;Strausberg;15344 Strausberg;;;;;;;;;;;;;;
150164;Berlin-Brandenburg;Brandenburg;Werder;14542 Werder (Havel);;;;;;;;;;;;;;
150165;Berlin-Brandenburg;Brandenburg;Stamm Meyenburg;16945 Meyenburg;;;;;;;;;;;;;;
;;;;;;;;;;;;;;;;;;
160101;Schleswig-Holstein;ohne;von Acken;24589 Nortorf b. Neumünster;;;;;;;;;;;;;;
160102;Schleswig-Holstein;ohne;Aver Liekers;25335 Elmshorn;;;;;;;;;;;;;;
160103;Schleswig-Holstein;ohne;St. Michael;24159 Kiel;;;;;;;;;;;;;;
160104;Schleswig-Holstein;ohne;Wikinger;24536 Neumünster (Holst)-Brachenfeld;;;;;;;;;;;;;;
160105;Schleswig-Holstein;ohne;Siedlung Lüneborg;24114 Kiel;;;;;;;;;;;;;;
160106;Schleswig-Holstein;ohne;nordFlues;24944 Flensburg;;;;;;;;;;;;;;
160107;Schleswig-Holstein;ohne;Alderaan;24106 Kiel;;;;;;;;;;;;;;
160108;Schleswig-Holstein;ohne;Normannen;24119 Kronshagen;;;;;;;;;;;;;;
160109;Schleswig-Holstein;ohne;Vicelin;23701 Eutin;;;;;;;;;;;;;;
160110;Schleswig-Holstein;ohne;Nimrod;24986 Satrup;;;;;;;;;;;;;;
160111;Schleswig-Holstein;ohne;Mori;23617 Stockelsdorf;;;;;;;;;;;;;;
160112;Schleswig-Holstein;ohne;11 oben;24635 Rickling;;;;;;;;;;;;;;
160113;Schleswig-Holstein;ohne;Kopernikus;21514 Bröthen;;;;;;;;;;;;;;
160114;Schleswig-Holstein;ohne;Steve Biko;25348 Glückstadt;;;;;;;;;;;;;;
160115;Schleswig-Holstein;ohne;Stamm Aukrug;24613 Aukrug;;;;;;;;;;;;;;
160116;Schleswig-Holstein;ohne;St. Georg;25358 Horst (Holstein);;;;;;;;;;;;;;
160117;Schleswig-Holstein;ohne;Cassiopeia;24576 Bad Bramstedt;;;;;;;;;;;;;;
160118;Schleswig-Holstein;ohne;Stamm Gosharde;25872 Ostenfeld (Husum) Gosharde;;;;;;;;;;;;;;
160119;Schleswig-Holstein;ohne;Stamm Heide;25746 Heide;;;;;;;;;;;;;;
160120;Schleswig-Holstein;ohne;Ritter von Barmstede ;25436 Uetersen;;;;;;;;;;;;;;
160121;Schleswig-Holstein;ohne;Dunedain;24235 Laboe;;;;;;;;;;;;;;
160122;Schleswig-Holstein;ohne;Ansgar;24105 Kiel-Blücherplatz;;;;;;;;;;;;;;
160123;Schleswig-Holstein;ohne;Cartoons;24321 Lütjenburg;;;;;;;;;;;;;;
160124;Schleswig-Holstein;ohne;Aspasia;24118 Kiel;;;;;;;;;;;;;;
160125;Schleswig-Holstein;ohne;Die Falken;25917 Leck;;;;;;;;;;;;;;
160126;Schleswig-Holstein;ohne;frei;;;;;;;;;;;;;;;
160127;Schleswig-Holstein;ohne;Wisent ;23911 Ziethen (b. Ratzeburg);;;;;;;;;;;;;;
160128;Schleswig-Holstein;ohne;Likedeeler;25361 Krempe;;;;;;;;;;;;;;
160129;Schleswig-Holstein;ohne;Martje Flor;24805 Hamdorf b. Rendsburg;;;;;;;;;;;;;;
160130;Schleswig-Holstein;ohne;Stamm Briganten;24791 Alt Duvenstedt;;;;;;;;;;;;;;
160131;Schleswig-Holstein;ohne;Swentana;23744 Schönwalde am Bugsberg;;;;;;;;;;;;;;
;;;;;;;;;;;;;;;;;;
180101;Mitteldeutschland;Sachsen-Anhalt;Stamm Jakobus;06844 Dessau;;;;;;;;;;;;;;
180102;Mitteldeutschland;Sachsen-Anhalt;Fratres Tiliae;39356 Behnsdorf;;;;;;;;;;;;;;
180103;Mitteldeutschland;Sachsen-Anhalt;Cracau Citz;39114 Magdeburg;;;;;;;;;;;;;;
180104;Mitteldeutschland;Sachsen-Anhalt;Stamm Surf;06636 Laucha;;;;;;;;;;;;;;
180105;Mitteldeutschland;Sachsen-Anhalt;Die Schweden;06686 Großgörschen;;;;;;;;;;;;;;
180106;Mitteldeutschland;Sachsen-Anhalt;Wilde Kreaturen;29413 Dähre;;;;;;;;;;;;;;
180107;Mitteldeutschland;Sachsen-Anhalt;Roter Milan;06347 Gerbstedt;;;;;;;;;;;;;;
180108;Mitteldeutschland;Sachsen-Anhalt;Dietrich Bonhoeffer ;39649 Miesterhorst;;;;;;;;;;;;;;
180109;Mitteldeutschland;Sachsen-Anhalt;Tom Bombadil;29410 Salzwedel Hansestadt;;;;;;;;;;;;;;
180110;Mitteldeutschland;Sachsen-Anhalt;Die fuchsschlauen Wölfe;38486 Kusey;;;;;;;;;;;;;;
180111;Mitteldeutschland;Sachsen-Anhalt;Stamm St. Georg;06779 Raguhn;;;;;;;;;;;;;;
180112;Mitteldeutschland;Sachsen-Anhalt;Franziskus von Assisi;39638 Estedt;;;;;;;;;;;;;;
180113;Mitteldeutschland;Sachsen-Anhalt;Saale-Wiesel;06231 Bad Dürrenberg;;;;;;;;;;;;;;
180114;Mitteldeutschland;Sachsen-Anhalt;VCP Schkopau Alexandra von Trotha;06258 Schkopau;;;;;;;;;;;;;;
180115;Mitteldeutschland;Sachsen-Anhalt;VCP Werben;39606 Iden;;;;;;;;;;;;;;
180116;Mitteldeutschland;Sachsen-Anhalt;Harzer Luchse;38820 Halberstadt;;;;;;;;;;;;;;
180117;Mitteldeutschland;Sachsen-Anhalt;"VCP Landsberg ""Trollfürsten""";06188 Landsberg;;;;;;;;;;;;;;
;;;;;;;;;;;;;;;;;;
180201;Mitteldeutschland;Thüringen;Die Wölfe;99955 Kutzleben;;;;;;;;;;;;;;
180202;Mitteldeutschland;Thüringen;Siedlung Arnstadt;99310 Arnstadt;;;;;;;;;;;;;;
180203;Mitteldeutschland;Thüringen;Hainleite;99759 Sollstedt (Wipper);;;;;;;;;;;;;;
180204;Mitteldeutschland;Thüringen;Siedlung Erfurt;99089 Erfurt;;;;;;;;;;;;;;
180205;Mitteldeutschland;Thüringen;Thüringer Wanderfalken ;99867 Gotha;;;;;;;;;;;;;;
180206;Mitteldeutschland;Thüringen;Stamm Drei Gleichen;99192 Neudietendorf;;;;;;;;;;;;;;
180207;Mitteldeutschland;Thüringen;Stamm Am Gottlob;99894 Friedrichroda;;;;;;;;;;;;;;
180208;Mitteldeutschland;Thüringen;VCP Rastenberger Orgelpfeifen;99636 Rastenberg;;;;;;;;;;;;;;
180209;Mitteldeutschland;Thüringen;VCP Gera/Bad Köstritz;07545 Gera;;;;;;;;;;;;;;
;;;;;;;;;;;;;;;;;;
200901;Niedersachsen;Hannover;Altwarmbüchen;30916 Altwarmbüchen (Isernhagen);;;;;;;;;;;;;;
200902;Niedersachsen;Hannover;Hannover Süd;30519 Hannover Döhren;;;;;;;;;;;;;;
200903;Niedersachsen;Hannover;Paulus ;30169 Hannover-Südstadt;;;;;;;;;;;;;;
200904;Niedersachsen;Hannover;Kleefeld-Buchholz;30625 Hannover Kleefeld;;;;;;;;;;;;;;
200905;Niedersachsen;Hannover;Mechthild von Lona;30926 Seelze-Lohnde;;;;;;;;;;;;;;
200906;Niedersachsen;Hannover;Raoul Wallenberg;30880 Laatzen b. Hannover;;;;;;;;;;;;;;
200907;Niedersachsen;Hannover;VCP Wettbergen;30457 Hannover Wettbergen;;;;;;;;;;;;;;
200908;Niedersachsen;Hannover;Stephanus;30823 Garbsen-Berenbostel;;;;;;;;;;;;;;
200909;Niedersachsen;Hannover;JuKiMob;;;;;;;;;;;;;;;
200910;Niedersachsen;Hannover;Kiefernpfad;;;;;;;;;;;;;;;
200911;Niedersachsen;Hannover;MaJa;;;;;;;;;;;;;;;
200912;Niedersachsen;Hannover;Kastanienhof;;;;;;;;;;;;;;;
;;;;;;;;;;;;;;;;;;
201001;Niedersachsen;Süntel;Chico Mendes ;31832 Altenhagen b. Springe;;;;;;;;;;;;;;
201002;Niedersachsen;Süntel;VCP Beusterburg;31032 Betheln;;;;;;;;;;;;;;
201003;Niedersachsen;Süntel;Bilche;31675 Bückeburg;;;;;;;;;;;;;;
201004;Niedersachsen;Süntel;Aboriginals;31832 Springe (Deister)-Eldagsen;;;;;;;;;;;;;;
201005;Niedersachsen;Süntel;Grafen von Hallermundt;31832 Springe (Deister);;;;;;;;;;;;;;
201006;Niedersachsen;Süntel;Kreuzfähnlein;31787 Hameln-Basberg;;;;;;;;;;;;;;
201007;Niedersachsen;Süntel;Florian Geyer;31787 Hameln;;;;;;;;;;;;;;
201008;Niedersachsen;Süntel;Gruppe Tönebön (Kein Stamm);31785 Hameln;;;;;;;;;;;;;;
201009;Niedersachsen;Süntel;VCP Hämelschenburg;31860 Emmerthal Hämelschenburg;;;;;;;;;;;;;;
201010;Niedersachsen;Süntel;Eversteiner Löwen;31855 Aerzen;;;;;;;;;;;;;;
;;;;;;;;;;;;;;;;;;
202001;Niedersachsen;Aller-Heide;frei;;;;;;;;;;;;;;;
;;;;;;;;;;;;;;;;;;
202101;Niedersachsen;Heide;frei;;;;;;;;;;;;;;;
202102;Niedersachsen;Heide;Langobarden;21386 Betzendorf;;;;;;;;;;;;;;
202103;Niedersachsen;Heide;Astrid Lindgren;29328 Faßberg-Müden;;;;;;;;;;;;;;
202104;Niedersachsen;Heide;frei;;;;;;;;;;;;;;;
202105;Niedersachsen;Heide;Stamm Elvert;29568 Wieren-Ostedt;;;;;;;;;;;;;;
202106;Niedersachsen;Heide;Hermann Billung;29614 Soltau;;;;;;;;;;;;;;
202107;Niedersachsen;Heide;Julius Neuendorff  ;21255 Tostedt;;;;;;;;;;;;;;
202108;Niedersachsen;Heide;frei;;;;;;;;;;;;;;;
202109;Niedersachsen;Heide;Florian Geyer;29386 Hankensbüttel;;;;;;;;;;;;;;
202110;Niedersachsen;Heide;Heinrich der Löwe;29378 Wittingen;;;;;;;;;;;;;;
202111;Niedersachsen;Heide;Buchholz;21244 Buchholz in der Nordheide;;;;;;;;;;;;;;
202112;Niedersachsen;Heide;Ritter von Soltowe;29614 Soltau;;;;;;;;;;;;;;
;;;;;;;;;;;;;;;;;;
203001;Niedersachsen;Bremen;Bonifatius ;27568 Bremerhaven;;;;;;;;;;;;;;
203002;Niedersachsen;Bremen;Daniel von Büren;28201 Bremen;;;;;;;;;;;;;;
203003;Niedersachsen;Bremen;Siedlung St. Petri;28207 Bremen;;;;;;;;;;;;;;
203004;Niedersachsen;Bremen;Querflieger Bremen-Nord;28719 Bremen;;;;;;;;;;;;;;
;;;;;;;;;;;;;;;;;;
203401;Niedersachsen;Friesen;Friesen;26486 Wangerooge Eldagsen;;;;;;;;;;;;;;
;;;;;;;;;;;;;;;;;;
203501;Niedersachsen;Osning;Stamm Ichthys;49565 Bramsche (Hase);;;;;;;;;;;;;;
203502;Niedersachsen;Osning;frei;;;;;;;;;;;;;;;
203503;Niedersachsen;Osning;Die Arche;49356 Diepholz;;;;;;;;;;;;;;
203504;Niedersachsen;Osning;Siedlung Hermann Bonnus;49124 Georgsmarienhütte;;;;;;;;;;;;;;
;;;;;;;;;;;;;;;;;;
203701;Niedersachsen;Ems;Eberhard von Danckelmann;49808 Lingen (Ems);;;;;;;;;;;;;;
203702;Niedersachsen;Ems;frei;;;;;;;;;;;;;;;
203703;Niedersachsen;Ems;Wassergeusen;48527 Nordhorn;;;;;;;;;;;;;;
;;;;;;;;;;;;;;;;;;
203801;Niedersachsen;Oldenburg;Kranich;26121 Oldenburg;;;;;;;;;;;;;;
203802;Niedersachsen;Oldenburg;Tjalken;26842 Ostrhauderfehn Idafehn;;;;;;;;;;;;;;
203803;Niedersachsen;Oldenburg;Wilke Steding;49661 Cloppenburg;;;;;;;;;;;;;;
203804;Niedersachsen;Oldenburg;Stamm Assini Essen;49632 Essen-Oldenburg;;;;;;;;;;;;;;
203805;Niedersachsen;Oldenburg;Franziskus;26441 Jever-Wangerland;;;;;;;;;;;;;;
203806;Niedersachsen;Oldenburg;Jadeburg;26349 Jade Jaderberg;;;;;;;;;;;;;;
203807;Niedersachsen;Oldenburg;Stamm Turmfalken;26486 Wangerooge;;;;;;;;;;;;;;
203808;Niedersachsen;Oldenburg;de butjenter Friesen;26969 Butjadingen;;;;;;;;;;;;;;
203809;Niedersachsen;Oldenburg;Wildgänse;26954 Nordenham;;;;;;;;;;;;;;
203810;Niedersachsen;Oldenburg;Boreas;26197 Großenkneten Sage;;;;;;;;;;;;;;
203811;Niedersachsen;Oldenburg;frei;;;;;;;;;;;;;;;
203812;Niedersachsen;Oldenburg;Die Brückenbiber;26676 Barßel Reekenfeld;;;;;;;;;;;;;;
;;;;;;;;;;;;;;;;;;
203901;Niedersachsen;Teufelsmoor;Jan Torf;27711 Osterholz-Scharmbeck;;;;;;;;;;;;;;
203902;Niedersachsen;Teufelsmoor;J.C. Findorff;27726 Worpswede;;;;;;;;;;;;;;
;;;;;;;;;;;;;;;;;;
204001;Niedersachsen;Elm;Stamm geflügelter Löwe ;38126 Braunschweig;;;;;;;;;;;;;;
204002;Niedersachsen;Elm;Johann Hinrich Wichern;38116 Braunschweig Lehndorf;;;;;;;;;;;;;;
204003;Niedersachsen;Elm;frei;;;;;;;;;;;;;;;
204004;Niedersachsen;Elm;Philipp Spitta;31228 Peine-Vöhrum;;;;;;;;;;;;;;
204005;Niedersachsen;Elm;St. Thomas;38104 Braunschweig Volkmarode;;;;;;;;;;;;;;
204006;Niedersachsen;Elm;Janusz Korczak;38102 Wolfenbüttel;;;;;;;;;;;;;;
;;;;;;;;;;;;;;;;;;
204101;Niedersachsen;Paul Schneider;frei;;;;;;;;;;;;;;;
204102;Niedersachsen;Paul Schneider;Dietrich Bonhoeffer;38448 Wolfsburg;;;;;;;;;;;;;;
204103;Niedersachsen;Paul Schneider;Maria von Maltzan;38448 Wolfsburg;;;;;;;;;;;;;;
204199;Niedersachsen;Paul Schneider;Paul Schneider ohne Stammeszugehörigkeit;38448 Wolfsburg;;;;;;;;;;;;;;
;;;;;;;;;;;;;;;;;;
204801;Niedersachsen;Wasserkante;Christopherus;27476 Cuxhaven;;;;;;;;;;;;;;
204802;Niedersachsen;Wasserkante;frei;;;;;;;;;;;;;;;
204803;Niedersachsen;Wasserkante;Kleiner Prinz;21643 Beckdorf;;;;;;;;;;;;;;
204804;Niedersachsen;Wasserkante;VCP Stamm Adiko Hammah;21714 Hammah;;;;;;;;;;;;;;
;;;;;;;;;;;;;;;;;;
205001;Niedersachsen;Harz;Nikolaus von Amstorf;38640 Goslar;;;;;;;;;;;;;;
205002;Niedersachsen;Harz;Eomir ;37079 Göttingen Grone;;;;;;;;;;;;;;
205003;Niedersachsen;Harz;Aragon;37083 Göttingen Geismar;;;;;;;;;;;;;;
205004;Niedersachsen;Harz;Walkenried;37445 Walkenried;;;;;;;;;;;;;;
;;;;;;;;;;;;;;;;;;
206101;Niedersachsen;Homburg;VCP Alfeld;31061 Alfeld (Leine);;;;;;;;;;;;;;
206102;Niedersachsen;Homburg;frei;;;;;;;;;;;;;;;
206103;Niedersachsen;Homburg;VCP Hehlen;37619 Hehlen bei Holzminden;;;;;;;;;;;;;;
206104;Niedersachsen;Homburg;Deutschritter;37632 Holzen;;;;;;;;;;;;;;
206105;Niedersachsen;Homburg;Stamm Hullersen;37574 Einbeck Hullersen;;;;;;;;;;;;;;
206106;Niedersachsen;Homburg;VCP Laurentius;29336 Nienhagen b. Celle;;;;;;;;;;;;;;
206107;Niedersachsen;Homburg;Martin Luther King;37603 Holzminden;;;;;;;;;;;;;;
206108;Niedersachsen;Homburg;Stamm Northeim;37154 Northeim;;;;;;;;;;;;;;
206109;Niedersachsen;Homburg;Stamm Salzderhelden;37574 Einbeck-Salzderhelden;;;;;;;;;;;;;;
206110;Niedersachsen;Homburg;Stamm Silberkranich;29549 Bad Bevensen Medingen;;;;;;;;;;;;;;
;;;;;;;;;;;;;;;;;;
207001;Niedersachsen;Ostfalen;Wipshausen ;31234 Wipshausen (Edemissen);;;;;;;;;;;;;;
207002;Niedersachsen;Ostfalen;St. Andreas;31246 Lahstedt;;;;;;;;;;;;;;
207003;Niedersachsen;Ostfalen;VCP Hildesheim;31135 Hildesheim;;;;;;;;;;;;;;
;;;;;;;;;;;;;;;;;;
208001;Niedersachsen;Wilhelm Busch;Diogenes;31582 Nienburg (Weser);;;;;;;;;;;;;;
208002;Niedersachsen;Wilhelm Busch;Akropolis;31637 Rodewald;;;;;;;;;;;;;;
208003;Niedersachsen;Wilhelm Busch;Janus Korczak;31535 Neustadt;;;;;;;;;;;;;;
208004;Niedersachsen;Wilhelm Busch;Dietrich Bonhoeffer;31535 Neustadt am Rübenberge;;;;;;;;;;;;;;
;;;;;;;;;;;;;;;;;;
300101;Westfalen;ohne;Stamm Bega;32694 Dörentrup Bega;;;;;;;;;;;;;;
300102;Westfalen;ohne;Abraham Jacobi;32427 Minden;;;;;;;;;;;;;;
300103;Westfalen;ohne;VCP Löhne;32584 Löhne;;;;;;;;;;;;;;
300104;Westfalen;ohne;Zone Bethel;33611 Bielefeld Bethel;;;;;;;;;;;;;;
300105;Westfalen;ohne;Cherusker;48477 Hörstel;;;;;;;;;;;;;;
300106;Westfalen;ohne;Asgard;49509 Recke;;;;;;;;;;;;;;
300107;Westfalen;ohne;Stamm Johannes;49492 Westerkappeln Velpe;;;;;;;;;;;;;;
300108;Westfalen;ohne;Arbalo;49477 Ibbenbüren;;;;;;;;;;;;;;
300109;Westfalen;ohne;Bonhoeffer;49492 Westerkappeln;;;;;;;;;;;;;;
300110;Westfalen;ohne;Stamm Hucriti ;44369 Dortmund Huckarde;;;;;;;;;;;;;;
300111;Westfalen;ohne;VCP Rubin Löwe;58119 Hohenlimburg;;;;;;;;;;;;;;
300112;Westfalen;ohne;Paul Gerhardt;44139 Dortmund;;;;;;;;;;;;;;
300113;Westfalen;ohne;Pankratius;59071 Hamm;;;;;;;;;;;;;;
300114;Westfalen;ohne;Wildpferde;48249 Dülmen;;;;;;;;;;;;;;
300115;Westfalen;ohne;VCP Marl-Hamm;45768 Marl-Hamm;;;;;;;;;;;;;;
300116;Westfalen;ohne;Stamm David;48165 Münster-Hiltrup;;;;;;;;;;;;;;
300117;Westfalen;ohne;Albert Schweitzer;44787 Bochum Melanchthon ;;;;;;;;;;;;;;
300118;Westfalen;ohne;VCP Bochum;44892 Bochum;;;;;;;;;;;;;;
300119;Westfalen;ohne;VCP Bochum-Melanchthon;44789 Bochum;;;;;;;;;;;;;;
300120;Westfalen;ohne;Nodan;46397 Bocholt;;;;;;;;;;;;;;
300121;Westfalen;ohne;VCP Wattenscheid;44866 Bochum-Wattenscheid;;;;;;;;;;;;;;
300122;Westfalen;ohne;Ulrich von Hutten;58762 Altena (Westfalen) Evingsen;;;;;;;;;;;;;;
300123;Westfalen;ohne;Hagen-Emst;58135 Hagen;;;;;;;;;;;;;;
300124;Westfalen;ohne;Wittekind;58644 Iserlohn;;;;;;;;;;;;;;
300125;Westfalen;ohne;frei;;;;;;;;;;;;;;;
300126;Westfalen;ohne;Stamm Thingslinde;58566 Kierspe;;;;;;;;;;;;;;
300127;Westfalen;ohne;Schwelm;58332 Schwelm;;;;;;;;;;;;;;
300128;Westfalen;ohne;Junker Jörg;58285 Gevelsberg;;;;;;;;;;;;;;
300129;Westfalen;ohne;Stamm Humbold;44227 Dortmund Eichlinghofen;;;;;;;;;;;;;;
300130;Westfalen;ohne;Stamm Elijah;48301 Nottuln;;;;;;;;;;;;;;
300131;Westfalen;ohne;Stamm Schmallenberg;57392 Schmallenberg;;;;;;;;;;;;;;
300132;Westfalen;ohne;frei;;;;;;;;;;;;;;;
;;;;;;;;;;;;;;;;;;
401001;Nordrhein;Düsseldorf-West;Stamm Dormagen;41539 Dormagen;;;;;;;;;;;;;;
401002;Nordrhein;Düsseldorf-West;Stamm de Arfa;41515 Grevenbroich;;;;;;;;;;;;;;
401003;Nordrhein;Düsseldorf-West;Stamm Meister Ponzelar;47820 Krefeld;;;;;;;;;;;;;;
401004;Nordrhein;Düsseldorf-West;Stamm Mönchengladbach;41061 Mönchengladbach;;;;;;;;;;;;;;
401005;Nordrhein;Düsseldorf-West;Stamm Langenfeld;40764 Langenfeld (Rheinland);;;;;;;;;;;;;;
401006;Nordrhein;Düsseldorf-West;Dietrich Bonhoeffer;41515 Grevenbroich Nord;;;;;;;;;;;;;;
401007;Nordrhein;Düsseldorf-West;Schwalmtal;41316 Schwalmtal Niederrhein;;;;;;;;;;;;;;
;;;;;;;;;;;;;;;;;;
402001;Nordrhein;Aachen;Stamm Minas Anor;52072 Aachen;;;;;;;;;;;;;;
402002;Nordrhein;Aachen;VCP Hückelhoven Die Tauben;41836 Hückelhoven;;;;;;;;;;;;;;
402003;Nordrhein;Aachen;VCP Merode Chico Mendes;52379 Langerwehe Merode;;;;;;;;;;;;;;
402004;Nordrhein;Aachen;VCP Roetgen Stamm Rott;52159 Roetgen (Eifel) Rott;;;;;;;;;;;;;;
;;;;;;;;;;;;;;;;;;
403001;Nordrhein;Ruhr-Wupper;Stamm Eberhard Wittgen;45277 Essen (Ruhr);;;;;;;;;;;;;;
403002;Nordrhein;Ruhr-Wupper;Stamm Essen-Holsterhausen ;45147 Essen (Ruhr) Holsterhausen;;;;;;;;;;;;;;
403003;Nordrhein;Ruhr-Wupper;Stamm Legolas;45357 Essen (Ruhr) Dellwig;;;;;;;;;;;;;;
403004;Nordrhein;Ruhr-Wupper;Weiße Rose;40699 Erkrath-Hochdahl;;;;;;;;;;;;;;
403005;Nordrhein;Ruhr-Wupper;Dag Hammarskjöld;40822 Mettmann;;;;;;;;;;;;;;
;;;;;;;;;;;;;;;;;;
404001;Nordrhein;Köln-Bonn;frei;;;;;;;;;;;;;;;
404002;Nordrhein;Köln-Bonn;Thor Heyerdahl;53842 Troisdorf-Spich;;;;;;;;;;;;;;
404003;Nordrhein;Köln-Bonn;frei;;;;;;;;;;;;;;;
404004;Nordrhein;Köln-Bonn;Hermann von Wied;50259 Pulheim;;;;;;;;;;;;;;
;;;;;;;;;;;;;;;;;;
404101;Nordrhein;Wesel;Dompfadfinder Wesel;46483 Wesel;;;;;;;;;;;;;;
;;;;;;;;;;;;;;;;;;
404201;Nordrhein;Kaarst;VCP Kaarst;41564 Kaarst;;;;;;;;;;;;;;
;;;;;;;;;;;;;;;;;;
404301;Nordrhein;Monheim;Janusz Korczak Monheim ;40789 Monheim am Rhein;;;;;;;;;;;;;;
;;;;;;;;;;;;;;;;;;
404401;Nordrhein;Wuppertal;VCP Wuppertal Eiserner Drachen;42109 Wuppertal  Elberfeld;;;;;;;;;;;;;;
;;;;;;;;;;;;;;;;;;
404501;Nordrhein;Remscheid;Stamm Remscheid;42853 Remscheid Lennep;;;;;;;;;;;;;;
;;;;;;;;;;;;;;;;;;
501001;Hessen;Kurhessen;Goten;34128 Kassel Harleshausen;;;;;;;;;;;;;;
501002;Hessen;Kurhessen;VCP Wohratal;35288 Wohratal;;;;;;;;;;;;;;
501003;Hessen;Kurhessen;Marco Polo ;34128 Kassel-Harleshausen;;;;;;;;;;;;;;
501004;Hessen;Kurhessen;Weiße Taube;34497 Korbach;;;;;;;;;;;;;;
501005;Hessen;Kurhessen;Mückenstürmer;36251 Bad Hersfeld;;;;;;;;;;;;;;
501006;Hessen;Kurhessen;Martin Luther Lumdatal;35466 Rabenau Londorf (Hess);;;;;;;;;;;;;;
501007;Hessen;Kurhessen;Elisabeth v. Thüringen;35039 Marburg (Lahn);;;;;;;;;;;;;;
501008;Hessen;Kurhessen;St. Georg;34346 Hann. Münden;;;;;;;;;;;;;;
501009;Hessen;Kurhessen;Graf Folke Bernadotte;36037 Fulda;;;;;;;;;;;;;;
501010;Hessen;Kurhessen;Gottfried v. Ebersberg;36129 Hettenhausen (Rhön);;;;;;;;;;;;;;
501011;Hessen;Kurhessen;Diemelfüchse;34388 Trendelburg;;;;;;;;;;;;;;
501012;Hessen;Kurhessen;Martin von Tours;36137 Großenlüder;;;;;;;;;;;;;;
501013;Hessen;Kurhessen;VCP Niestetal;34266 Niestetal;;;;;;;;;;;;;;
501014;Hessen;Kurhessen;VCP Kirchhain;35274 Kirchhain;;;;;;;;;;;;;;
501015;Hessen;Kurhessen;VCP Schrecksbach;34637 Schrecksbach;;;;;;;;;;;;;;
;;;;;;;;;;;;;;;;;;
502001;Hessen;Wetterau;VCP Bad Nauheim;61231 Bad Nauheim;;;;;;;;;;;;;;
502002;Hessen;Wetterau;VCP Friedberg;61169 Friedberg;;;;;;;;;;;;;;
502003;Hessen;Wetterau;Zecke;61279 Grävenwiesbach;;;;;;;;;;;;;;
502004;Hessen;Wetterau;Dietrich Bonhoeffer;35510 Butzbach;;;;;;;;;;;;;;
502005;Hessen;Wetterau;Krähenhorst;61273 Wehrheim;;;;;;;;;;;;;;
502006;Hessen;Wetterau;Kojoten;61231 Bad Nauheim Nieder-Mörlen;;;;;;;;;;;;;;
502007;Hessen;Wetterau;Johann Textor;35708 Haiger;;;;;;;;;;;;;;
;;;;;;;;;;;;;;;;;;
503001;Hessen;Starkenburg;von Falkenstein;63225 Langen;;;;;;;;;;;;;;
503002;Hessen;Starkenburg;Staufen;65474 Bischofsheim (b. Rüsselsheim);;;;;;;;;;;;;;
503003;Hessen;Starkenburg;Wikinger;64372 Ober-Ramstadt;;;;;;;;;;;;;;
503004;Hessen;Starkenburg;Weiße Rose;63329 Egelsbach;;;;;;;;;;;;;;
503005;Hessen;Starkenburg;Zugvögel;65451 Kelsterbach;;;;;;;;;;;;;;
503006;Hessen;Starkenburg;Masilla Messel;64409 Messel;;;;;;;;;;;;;;
503007;Hessen;Starkenburg;Duborn;64739 Höchst;;;;;;;;;;;;;;
503008;Hessen;Starkenburg;Martin Luther King;;;;;;;;;;;;;;;
503009;Hessen;Starkenburg;Eldar;64319 Pfungstadt;;;;;;;;;;;;;;
503010;Hessen;Starkenburg;Densiwiniwasitu;64354 Reinheim (Odenwald);;;;;;;;;;;;;;
503011;Hessen;Starkenburg;Hermann von Salza;64569 Nauheim (Kreis Groß Gerau);;;;;;;;;;;;;;
503012;Hessen;Starkenburg;VCP Ginsheim;65462 Ginsheim-Gustavsburg;;;;;;;;;;;;;;
503013;Hessen;Starkenburg;Christopherus;64380 Roßdorf;;;;;;;;;;;;;;
503014;Hessen;Starkenburg;Neugründung;64846 Groß-Zimmern - Dieburg;;;;;;;;;;;;;;
;;;;;;;;;;;;;;;;;;
504001;Hessen;Rhein-Main;Ottheinrich von der Pfalz;55218 Ingelheim (am Rhein);;;;;;;;;;;;;;
504002;Hessen;Rhein-Main;Schinderhannes;65232 Taunusstein;;;;;;;;;;;;;;
504003;Hessen;Rhein-Main;Dietrich von Bern;65719 Hofheim (Taunus);;;;;;;;;;;;;;
504004;Hessen;Rhein-Main;Totila;65779 Kelkheim (Taunus) Fischbach;;;;;;;;;;;;;;
504005;Hessen;Rhein-Main;Johannes Opilio de Elss;65604 Elz;;;;;;;;;;;;;;
504006;Hessen;Rhein-Main;Parzival;65527 Niedernhausen;;;;;;;;;;;;;;
504007;Hessen;Rhein-Main;Franken;65205 Wiesbaden-Erbenheim;;;;;;;;;;;;;;
504008;Hessen;Rhein-Main;Robin Hood;65307 Bad Schwalbach;;;;;;;;;;;;;;
504009;Hessen;Rhein-Main;Ansgar;65597 Hünfelden-Dauborn;;;;;;;;;;;;;;
504010;Hessen;Rhein-Main;Johann Friedrich Oberlin;35789 Weilmünster;;;;;;;;;;;;;;
504011;Hessen;Rhein-Main;Sophie Scholl;65812 Bad Soden am Taunus Neuenhain;;;;;;;;;;;;;;
504012;Hessen;Rhein-Main;Ulrich von Hutten;65439 Flörsheim (am Main) Weilbach;;;;;;;;;;;;;;
;;;;;;;;;;;;;;;;;;
505001;Hessen;Main-Kinzig;Hohenburg;61350 Bad Homburg;;;;;;;;;;;;;;
505002;Hessen;Main-Kinzig;Schwarzer Panther;63477 Maintal;;;;;;;;;;;;;;
505003;Hessen;Main-Kinzig;Barbarossa;63571 Gelnhausen Hailer;;;;;;;;;;;;;;
505004;Hessen;Main-Kinzig;Ulrich von Hutten;63607 Wächtersbach;;;;;;;;;;;;;;
505005;Hessen;Main-Kinzig;VCP Eschersheim;60439 Frankfurt am Main Eschersheim;;;;;;;;;;;;;;
505006;Hessen;Main-Kinzig;Adlerauge  ;65931 Frankfurt am Main Zeilsheim;;;;;;;;;;;;;;
505007;Hessen;Main-Kinzig;Abe Lincoln;60431 Frankfurt am Main Ginnheim;;;;;;;;;;;;;;
505008;Hessen;Main-Kinzig;Die Sterne;67278 Bockenheim;;;;;;;;;;;;;;
;;;;;;;;;;;;;;;;;;
601001;Bayern;Allgäu;VCP Sonthofen/Stamm Alemannen;87527 Sonthofen;;;;;;;;;;;;;;
601002;Bayern;Allgäu;VCP Füssen/Stamm Waldläufer;87629 Füssen;;;;;;;;;;;;;;
601003;Bayern;Allgäu;VCP Rettenbach;87733 Rettenbach;;;;;;;;;;;;;;
;;;;;;;;;;;;;;;;;;
602001;Bayern;Donau;frei;;;;;;;;;;;;;;;
602002;Bayern;Donau;VCP Hemau/Stamm Falken;93155 Hemau;;;;;;;;;;;;;;
602003;Bayern;Donau;VCP Neutraubling/Stamm Fridtjof Nansen;93073 Neutraubling;;;;;;;;;;;;;;
602004;Bayern;Donau;frei;;;;;;;;;;;;;;;
602005;Bayern;Donau;VCP Passau/Stamm Kelten;94036 Passau;;;;;;;;;;;;;;
;;;;;;;;;;;;;;;;;;
603001;Bayern;Fichtelgebirge;VCP Bayreuth/Stamm Dietrich Bonhoeffer;95444 Bayreuth;;;;;;;;;;;;;;
603002;Bayern;Fichtelgebirge;VCP Coburg/Stamm Albatros;96450 Coburg;;;;;;;;;;;;;;
603003;Bayern;Fichtelgebirge;VCP Kulmbach/Stamm Johann Eck;95326 Kulmbach;;;;;;;;;;;;;;
603004;Bayern;Fichtelgebirge;VCP Rehau/Siedlung Zugvögel;95111 Rehau;;;;;;;;;;;;;;
603005;Bayern;Fichtelgebirge;VCP Weiden/Stamm Markomannen;92637 Weiden i. d. Opf.;;;;;;;;;;;;;;
603006;Bayern;Fichtelgebirge;VCP Himmelkron/Stamm Graf Otto von Orlamünde;95502 Himmelkron;;;;;;;;;;;;;;
603007;Bayern;Fichtelgebirge;VCP Wüstenselbitz/Stamm Markgraf Georg ;95233 Wüstenselbitz;;;;;;;;;;;;;;
603008;Bayern;Fichtelgebirge;VCP Hof/Stamm Heinrich von Plauen;95028 Hof (Saale);;;;;;;;;;;;;;
603009;Bayern;Fichtelgebirge;frei;;;;;;;;;;;;;;;
603010;Bayern;Fichtelgebirge;VCP Trebgast;95367 Trebgast;;;;;;;;;;;;;;
;;;;;;;;;;;;;;;;;;
604001;Bayern;Frankenjura;VCP Hallstadt/Stamm Nordstamm;96047 Bamberg;;;;;;;;;;;;;;
604002;Bayern;Frankenjura;VCP Erlangen/Stamm Florian Geyer;91054 Erlangen-Sieglitzhof;;;;;;;;;;;;;;
604003;Bayern;Frankenjura;VCP Gräfenberg/Wirnth von Grafenberg;91322 Gräfenberg;;;;;;;;;;;;;;
604004;Bayern;Frankenjura;VCP Hemhofen;91334 Hemhofen;;;;;;;;;;;;;;
604005;Bayern;Frankenjura;VCP Kalchreuth/Stamm Jakob von Haller;90562 Kalchreuth;;;;;;;;;;;;;;
604006;Bayern;Frankenjura;VCP Pegnitz;91257 Pegnitz;;;;;;;;;;;;;;
604007;Bayern;Frankenjura;VCP Höchstadt/Stamm Ritter von Spix;91315 Höchstadt a. d. Aisch;;;;;;;;;;;;;;
604008;Bayern;Frankenjura;VCP Bamberg;96050 Bamberg;;;;;;;;;;;;;;
604009;Bayern;Frankenjura;VCP Eckental/Stamm Taliesin;90542 Eckental;;;;;;;;;;;;;;
604010;Bayern;Frankenjura;VCP Nürnberg-Ziegelstein/Stamm Philipp Schwarzert;90411 Nürnberg Ziegelstein;;;;;;;;;;;;;;
604011;Bayern;Frankenjura;VCP Forchheim/Stamm Weiße Rose;91301 Forchheim;;;;;;;;;;;;;;
604012;Bayern;Frankenjura;VCP Vestenbergsgreuth;91487 Vestenbergsreuth;;;;;;;;;;;;;;
604013;Bayern;Frankenjura;frei;;;;;;;;;;;;;;;
604014;Bayern;Frankenjura;VCP Streitberg;91346 Wiesenttal (Fränk. Schweiz);;;;;;;;;;;;;;
604015;Bayern;Frankenjura;VCP Erlangen/Stamm Johann Hinrich Wichern;91056 Erlangen;;;;;;;;;;;;;;
;;;;;;;;;;;;;;;;;;
605001;Bayern;Isar;VCP München-Moosach/Stamm Monseñor Óscar Arnulfo Romero;80993 München-Moosach;;;;;;;;;;;;;;
605002;Bayern;Isar;VCP Fürstenfeldbruck/Stamm Claus Graf Schenk von Stauffenberg;82256 Fürstenfeldbruck;;;;;;;;;;;;;;
605003;Bayern;Isar;VCP München-Harlaching/Stamm Heinrich der Löwe;81547 München-Harlaching;;;;;;;;;;;;;;
605004;Bayern;Isar;VCP Lechrain;86925 Fuchstal (b. Landsberg a. Lech)-Asch;;;;;;;;;;;;;;
605005;Bayern;Isar;VCP Landshut/Stamm Wilhelm Löhe;84034 Landshut;;;;;;;;;;;;;;
605006;Bayern;Isar;VCP Söcking;82319 Starnberg Söcking;;;;;;;;;;;;;;
605007;Bayern;Isar;VCP Berg/Stamm Franz Kreis;82335 Berg (Starnberger See);;;;;;;;;;;;;;
605008;Bayern;Isar;VCP Ingolstadt/Stamm Martin von Tours - Spitalhof;86706 Ingolstadt (Donau) Spitalhof;;;;;;;;;;;;;;
605009;Bayern;Isar;VCP Dießen;86911 Dießen am Ammersee ;;;;;;;;;;;;;;
605010;Bayern;Isar;VCP Karlshuld/Stamm Totila;86668 Karlshuld;;;;;;;;;;;;;;
605011;Bayern;Isar;VCP Tutzing/Stamm Druiden;82327 Tutzing;;;;;;;;;;;;;;
605012;Bayern;Isar;VCP Hörlkofen/Stamm Nemeta;85457 Wörth Hörlkofen;;;;;;;;;;;;;;
605013;Bayern;Isar;VCP Grafing;;;;;;;;;;;;;;;
605014;Bayern;Isar;VCP Allershausen/Stamm Graf v. Moltke ;85391 Allershausen;;;;;;;;;;;;;;
605015;Bayern;Isar;VCP Ehekirchen;86676 Ehekirchen;;;;;;;;;;;;;;
605016;Bayern;Isar;Thor Heyerdahl Erding;85435 Erding;;;;;;;;;;;;;;
605017;Bayern;Isar;VCP Sendling;81243 München;;;;;;;;;;;;;;
;;;;;;;;;;;;;;;;;;
606001;Bayern;Mainfranken;VCP Königsberg/Stamm Regiomontanus;97486 Königsberg (Bayern);;;;;;;;;;;;;;
606002;Bayern;Mainfranken;VCP Würzburg/Stamm Walther von der Vogelweide;97080 Würzburg Oberdürrbach;;;;;;;;;;;;;;
606003;Bayern;Mainfranken;Stamm Johann Schöner  ;97753 Karlstadt;;;;;;;;;;;;;;
606004;Bayern;Mainfranken;VCP Zell/Stamm Friedrich Emmert;97532 Zell;;;;;;;;;;;;;;
606005;Bayern;Mainfranken;VCP Haibach;63808 Haibach;;;;;;;;;;;;;;
606006;Bayern;Mainfranken;VCP Zeitlofs;97799 Zeitlofs;;;;;;;;;;;;;;
606007;Bayern;Mainfranken;VCP Mainstockheim;97320 Mainstockheim;;;;;;;;;;;;;;
606008;Bayern;Mainfranken;VCP Rieneck;97737 Rieneck;;;;;;;;;;;;;;
606009;Bayern;Mainfranken;VCP Niederwerrn;97464 Niederwerrn;;;;;;;;;;;;;;
;;;;;;;;;;;;;;;;;;
607001;Bayern;Mitte;VCP Roth-Eckersmühlen;91154 Roth (Mittelfranken) Eckersmühlen;;;;;;;;;;;;;;
607002;Bayern;Mitte;VCP Fürth/Stamm Franken;90763 Fürth (Bayern);;;;;;;;;;;;;;
607003;Bayern;Mitte;VCP Lichtenau/Siedlung Impessa;91586 Lichtenau (Mittelfranken);;;;;;;;;;;;;;
607004;Bayern;Mitte;VCP Nürnberg-Katzwang/Stamm Geusen;90455 Nürnberg Katzwang;;;;;;;;;;;;;;
607005;Bayern;Mitte;VCP Diespeck/Stamm Veit vom Berg;91456 Diespeck bei Neustadt;;;;;;;;;;;;;;
607006;Bayern;Mitte;VCP Fürth/Stamm Emmy Noether;90762 Fürth;;;;;;;;;;;;;;
607007;Bayern;Mitte;VCP Schwaig/Stamm St. Lorenz;90571 Schwaig (b. Nürnberg);;;;;;;;;;;;;;
607008;Bayern;Mitte;VCP Schwabach/Stamm Astrid Lindgren;91126 Schwabach;;;;;;;;;;;;;;
607009;Bayern;Mitte;VCP Gunzenhausen/Stamm Altmühl;91735 Gunzenhausen;;;;;;;;;;;;;;
607010;Bayern;Mitte;VCP MTA62/Pfadfinderchor MTA;90763 Fürth (Bayern);;;;;;;;;;;;;;
607011;Bayern;Mitte;VCP Bruckberg/Stamm Bruckberger Heime;91590 Bruckberg;;;;;;;;;;;;;;
607012;Bayern;Mitte;frei;;;;;;;;;;;;;;;
607013;Bayern;Mitte;VCP Röthenbach bei St. Wolfgang;90530 Wendelstein Röthenbach b. St. Wolfgang;;;;;;;;;;;;;;
607014;Bayern;Mitte;VCP Marktbergel/Stamm St. KIlian;91613 Marktbergel;;;;;;;;;;;;;;
607015;Bayern;Mitte;VCP Oberferrieden/Stamm Martin Luther King;90559 Burgthann Oberferrieden;;;;;;;;;;;;;;
607016;Bayern;Mitte;VCP Neumarkt/Siedlung Taizé;92318 Neumarkt i. d. Opf. Woffenbach;;;;;;;;;;;;;;
607017;Bayern;Mitte;VCP Heideck/Stamm Ritter Hadebrand  ;91180 Heideck;;;;;;;;;;;;;;
;;;;;;;;;;;;;;;;;;
608001;Bayern;Schwaben;VCP Augsburg/Stamm Augusta Vindelicum;86179 Augsburg;;;;;;;;;;;;;;
608002;Bayern;Schwaben;VCP Nördlingen/Stamm Dietrich Bonhoeffer;86720 Nördlingen;;;;;;;;;;;;;;
608003;Bayern;Schwaben;VCP Senden/Stamm Hägar der Schreckliche;89250 Senden (Iller);;;;;;;;;;;;;;
608004;Bayern;Schwaben;VCP Biberach;88400 Biberach;;;;;;;;;;;;;;
608005;Bayern;Schwaben;Stamm Mering;86415 Mering;;;;;;;;;;;;;;
;;;;;;;;;;;;;;;;;;
700801;Württemberg;Gau Mittlerer Neckar;Frei;;;;;;;;;;;;;;;
700802;Württemberg;Gau Mittlerer Neckar;VCP Esslingen Stamm Postmichel;73728 Esslingen;;;;;;;;;;;;;;
;;;;;;;;;;;;;;;;;;
700901;Württemberg;Schönbuch-Würm;Christoph Kolumbus;75391 Gechingen;;;;;;;;;;;;;;
700902;Württemberg;Schönbuch-Würm;Schönbuchtrapper;71034 Böblingen;;;;;;;;;;;;;;
700903;Württemberg;Schönbuch-Würm;Abt Johann;75392 Deckenpfronn;;;;;;;;;;;;;;
700904;Württemberg;Schönbuch-Würm;Seattle;71139 Ehningen;;;;;;;;;;;;;;
;;;;;;;;;;;;;;;;;;
701001;Württemberg;Gau Hohenlohe;Siedlung Lichteneck;74653 Ingelfingen;;;;;;;;;;;;;;
701002;Württemberg;Gau Hohenlohe;Die beinharten Gallier ;97990 Weikersheim-Elpersheim;;;;;;;;;;;;;;
701003;Württemberg;Gau Hohenlohe;Israel Landauer ;74582 Gerabronn;;;;;;;;;;;;;;
701004;Württemberg;Gau Hohenlohe;Limestor ;74670 Sindringen-Ernsbach;;;;;;;;;;;;;;
701005;Württemberg;Gau Hohenlohe;Ritter des schwarzen Kreuzes ;74523 Schwäbisch Hall Bibersfeld;;;;;;;;;;;;;;
701006;Württemberg;Gau Hohenlohe;Stamm Rosenberger Pfadfinder ;74613 Öhringen;;;;;;;;;;;;;;
701007;Württemberg;Gau Hohenlohe;Jona ;74523 Schwäbisch Hall;;;;;;;;;;;;;;
701008;Württemberg;Gau Hohenlohe;Stamm Buchenbach;74673 Mulfingen;;;;;;;;;;;;;;
;;;;;;;;;;;;;;;;;;
702001;Württemberg;Gau Unterland;Vulkan;74080 Heilbronn (Neckar)-Böckingen;;;;;;;;;;;;;;
702002;Württemberg;Gau Unterland;Martin Luther;74076 Heilbronn;;;;;;;;;;;;;;
702003;Württemberg;Gau Unterland;Römer;74080 Heilbronn Böckingen;;;;;;;;;;;;;;
702004;Württemberg;Gau Unterland;Gustav Adolf ;74081 Heilbronn Sontheim;;;;;;;;;;;;;;
702005;Württemberg;Gau Unterland;Hans Riesser;74076 Heilbronn (Neckar);;;;;;;;;;;;;;
702006;Württemberg;Gau Unterland;Blauer Turm;74206 Bad Wimpfen;;;;;;;;;;;;;;
702007;Württemberg;Gau Unterland;Geronimo;74360 Ilsfeld;;;;;;;;;;;;;;
702008;Württemberg;Gau Unterland;Weiße Rose ;74376 Gemmrigheim;;;;;;;;;;;;;;
702009;Württemberg;Gau Unterland;Stamm Passat;74354 Ottmarsheim;;;;;;;;;;;;;;
702010;Württemberg;Gau Unterland;Wolf;74821 Mosbach (Baden) Neckarelz;;;;;;;;;;;;;;
702011;Württemberg;Gau Unterland;Albert Schweitzer;74821 Mosbach (Baden) Neckarelz;;;;;;;;;;;;;;
702012;Württemberg;Gau Unterland;Albrecht von Lichtenberg;71720 Oberstenfeld;;;;;;;;;;;;;;
702013;Württemberg;Gau Unterland;Avalon;71720 Oberstenfeld-Gronau;;;;;;;;;;;;;;
702014;Württemberg;Gau Unterland;Paul Schneider;71543 Wüstenrot-Neuhütten;;;;;;;;;;;;;;
702015;Württemberg;Gau Unterland;Älterenschaft;74072 Heilbronn (Neckar);;;;;;;;;;;;;;
702016;Württemberg;Gau Unterland;Götz von Berlichingen;74219 Möckmühl;;;;;;;;;;;;;;
702017;Württemberg;Gau Unterland;Stamm Wildeck;74232 Abstatt;;;;;;;;;;;;;;
;;;;;;;;;;;;;;;;;;
703001;Württemberg;Gau Rems-Murr;St. Georg;71522 Backnang;;;;;;;;;;;;;;
703002;Württemberg;Gau Rems-Murr;Heinrich von Waldau;73527 Schwäb. Gmünd-Großdeinbach;;;;;;;;;;;;;;
703003;Württemberg;Gau Rems-Murr;Rudgerus de Herlekoven;73527 Schwäb. Gmünd Herlikofen;;;;;;;;;;;;;;
703004;Württemberg;Gau Rems-Murr;Hiltisnot von Roth;74420 Oberrot (b. Gaildorf);;;;;;;;;;;;;;
703005;Württemberg;Gau Rems-Murr;Albrecht von Limpurg;74405 Gaildorf-Unterrot;;;;;;;;;;;;;;
703006;Württemberg;Gau Rems-Murr;Stamm Spraitbach;73565 Spraitbach;;;;;;;;;;;;;;
703007;Württemberg;Gau Rems-Murr;VCP Hohnweiler;71549 Auenwald;;;;;;;;;;;;;;
703008;Württemberg;Gau Rems-Murr;Stamm Steinbach;;;;;;;;;;;;;;;
;;;;;;;;;;;;;;;;;;
704001;Württemberg;Gau Teck;Friedrich v. Bodelschwingh;72622 Nürtingen;;;;;;;;;;;;;;
704002;Württemberg;Gau Teck;Ritter vom Ordenskreuz ;73265 Dettingen unter Teck;;;;;;;;;;;;;;
704003;Württemberg;Gau Teck;Stamm Geislingen;73312 Geislingen an der Steige;;;;;;;;;;;;;;
704004;Württemberg;Gau Teck;Alemannen ;73033 Göppingen;;;;;;;;;;;;;;
704005;Württemberg;Gau Teck;Ritter von Lichteneck ;73235 Weilheim (a. d. Teck) Hepsisau;;;;;;;;;;;;;;
704006;Württemberg;Gau Teck;Kreuzfahrer;73770 Denkendorf;;;;;;;;;;;;;;
704007;Württemberg;Gau Teck;St. Michael ;72669 Unterensingen;;;;;;;;;;;;;;
704008;Württemberg;Gau Teck;Martin Luther King;72649 Wolfschlugen;;;;;;;;;;;;;;
704009;Württemberg;Gau Teck;Francesco Petrarca;73240 Wendlingen (am Neckar);;;;;;;;;;;;;;
;;;;;;;;;;;;;;;;;;
705001;Württemberg;Gau Strohgäu;Kreuzfahrer;70825 Korntal-Münchingen Korntal;;;;;;;;;;;;;;
705002;Württemberg;Gau Strohgäu;Arche Noah;71686 Remseck am Neckar Neckarrems;;;;;;;;;;;;;;
705003;Württemberg;Gau Strohgäu;Stamm Aldingen ;71686 Remseck am Neckar Aldingen;;;;;;;;;;;;;;
705004;Württemberg;Gau Strohgäu;Friedrich Schiller;70839 Gerlingen;;;;;;;;;;;;;;
705005;Württemberg;Gau Strohgäu;Stamm Ludwigsburg;71640 Ludwigsburg;;;;;;;;;;;;;;
705006;Württemberg;Gau Strohgäu;Henri Arnaud;75417 Mühlacker;;;;;;;;;;;;;;
705007;Württemberg;Gau Strohgäu;Stamm Neckargröningen ;71686 Neckargröningen;;;;;;;;;;;;;;
;;;;;;;;;;;;;;;;;;
706001;Württemberg;Gau Stuttgart;Dietrich von Bern;70372 Stuttgart Bad-Cannstatt;;;;;;;;;;;;;;
706002;Württemberg;Gau Stuttgart;St. Michael;70771 Leinfelden-Echterdingen Musberg;;;;;;;;;;;;;;
706003;Württemberg;Gau Stuttgart;Stamm Kreuzritter;70619 Stuttgart Heumaden;;;;;;;;;;;;;;
706004;Württemberg;Gau Stuttgart;Stamm Kreuzfahrer;70439 Stuttgart Stammheim;;;;;;;;;;;;;;
706005;Württemberg;Gau Stuttgart;Stamm Stuttgart-Gänsheide;70184 Stuttgart;;;;;;;;;;;;;;
;;;;;;;;;;;;;;;;;;
707001;Württemberg;Gau Alb-Donau;Leintal;73453 Abtsgemünd-Leinroden;;;;;;;;;;;;;;
707002;Württemberg;Gau Alb-Donau;Beimerstetten ;89179 Beimerstetten;;;;;;;;;;;;;;
707003;Württemberg;Gau Alb-Donau;Ulrich von Hutten;73430 Aalen;;;;;;;;;;;;;;
707004;Württemberg;Gau Alb-Donau;Albrecht Ludwig Berblinger ;89075 Ulm;;;;;;;;;;;;;;
;;;;;;;;;;;;;;;;;;
708001;Württemberg;Gau Achalm;St. Martin Ebingen;72458 Albstadt;;;;;;;;;;;;;;
708002;Württemberg;Gau Achalm;Jizchak Schwersenz ;72762 Reutlingen;;;;;;;;;;;;;;
708003;Württemberg;Gau Achalm;Sueben ;72108 Rottenburg am Neckar;;;;;;;;;;;;;;
708004;Württemberg;Gau Achalm;Burladingen ;72393 Burladingen;;;;;;;;;;;;;;
708005;Württemberg;Gau Achalm;Greenhorns;72072 Tübingen;;;;;;;;;;;;;;
708006;Württemberg;Gau Achalm;Stamm Tübingen;72072 Tübingen;;;;;;;;;;;;;;
;;;;;;;;;;;;;;;;;;
708301;Württemberg;Gau Oberland;Stamm Altshausen;88361 Altshausen;;;;;;;;;;;;;;
708302;Württemberg;Gau Oberland;Graf Montfort;88085 Langenargen;;;;;;;;;;;;;;
708303;Württemberg;Gau Oberland;Heinrich der Löwe ;88287 Ravensburg-Bavendorf;;;;;;;;;;;;;;
;;;;;;;;;;;;;;;;;;
709001;Württemberg;Gau Schwarzwald;Stamm Königsboten;78713 Schramberg;;;;;;;;;;;;;;
709002;Württemberg;Gau Schwarzwald;Stamm Adalbert von Zollern;72275 Alpirsbach;;;;;;;;;;;;;;
709003;Württemberg;Gau Schwarzwald;Stamm Hopfau;72172 Sulz-Hopfau;;;;;;;;;;;;;;
709004;Württemberg;Gau Schwarzwald;Weiße Rose ;72348 Rosenfeld;;;;;;;;;;;;;;
709005;Württemberg;Gau Schwarzwald;Stamm Luthersche Jugend;72280 Dornstetten;;;;;;;;;;;;;;
709006;Württemberg;Gau Schwarzwald;Stamm Mettstett;72172 Sulz am Neckar Dürrenmettstetten;;;;;;;;;;;;;;
709007;Württemberg;Gau Schwarzwald;Stamm Schwenningen;78056 Villingen-Schwenningen;;;;;;;;;;;;;;
709008;Württemberg;Gau Schwarzwald;Stamm Trichtingen;78736 Trichtingen;;;;;;;;;;;;;;
;;;;;;;;;;;;;;;;;;
801001;Baden;Kurpfalz;Dietrich Bonhoeffer;69469 Weinheim (Bergstraße) Lützelsachsen;;;;;;;;;;;;;;
801002;Baden;Kurpfalz;Birger Forell;69469 Weinheim (Bergstraße) Lützelsachsen;;;;;;;;;;;;;;
801003;Baden;Kurpfalz;Neugründung Mannheim;68259 Mannheim;;;;;;;;;;;;;;
801004;Baden;Kurpfalz;Alfons Beil;69126 Heidelberg;;;;;;;;;;;;;;
801005;Baden;Kurpfalz;Häuptling Seattle - jetzt 801008 - frei;;;;;;;;;;;;;;;
801006;Baden;Kurpfalz;Badisch Sibirien;74736 Hardheim;;;;;;;;;;;;;;
801007;Baden;Kurpfalz;Dunedain Waldläufer;69118 Heidelberg (Neckar) Schlierbach;;;;;;;;;;;;;;
801008;Baden;Kurpfalz;VCP Weinheim - Stamm Zwei Burgen;69469 Weinheim;;;;;;;;;;;;;;
;;;;;;;;;;;;;;;;;;
802001;Baden;Franken;Paul Gerhardt;76646 Bruchsal;;;;;;;;;;;;;;
802002;Baden;Franken;Toyohiko Kagawa;76646 Bruchsal-Heidelsheim;;;;;;;;;;;;;;
802003;Baden;Franken;Häuptling Geronimo;75038 Oberderdingen Flehingen;;;;;;;;;;;;;;
802004;Baden;Franken;Geschwister Scholl;76199 Karlsruhe Rüppurr;;;;;;;;;;;;;;
802005;Baden;Franken;Landstreicher;75015 Bretten;;;;;;;;;;;;;;
802006;Baden;Franken;Chiricahua;75180 Pforzheim;;;;;;;;;;;;;;
802007;Baden;Franken;Kleiner Prinz ;76227 Durlach;;;;;;;;;;;;;;
802008;Baden;Franken;John Rabe;76571 Gaggenau;;;;;;;;;;;;;;
802009;Baden;Franken;Francesco;76228 Karlsruhe Wolfartsweier;;;;;;;;;;;;;;
802010;Baden;Franken;Olave St. Clair;76149 Karlsruhe Nordstadt;;;;;;;;;;;;;;
802011;Baden;Franken;CVJM Waldheim;76149 Karlsruhe;;;;;;;;;;;;;;
;;;;;;;;;;;;;;;;;;
803001;Baden;Ortenau;Martin Bucer;77654 Offenburg;;;;;;;;;;;;;;
803002;Baden;Ortenau;Regenbogen ;77963 Schwanau Nonnenweier;;;;;;;;;;;;;;
;;;;;;;;;;;;;;;;;;
804001;Baden;Breisgau;Albert Schweitzer;79312 Emmendingen;;;;;;;;;;;;;;
804002;Baden;Breisgau;Alemannen;79110 Freiburg im Breisgau;;;;;;;;;;;;;;
804003;Baden;Breisgau;Arche Noah;79112 Freiburg im Breisgau Tiengen;;;;;;;;;;;;;;
804004;Baden;Breisgau;Jesus Sirach;79336 Herbolzheim (Breisgau);;;;;;;;;;;;;;
804005;Baden;Breisgau;Globetrotter;79232 March (Breisgau);;;;;;;;;;;;;;
804006;Baden;Breisgau;Friedensgemeinde Freiburg;79102 Freiburg;;;;;;;;;;;;;;
;;;;;;;;;;;;;;;;;;
805001;Baden;Grenzland;Martin Luther;79539 Lörrach-Rötteln;;;;;;;;;;;;;;
805002;Baden;Grenzland;Konrad von Rötteln;79650 Schopfheim;;;;;;;;;;;;;;
805003;Baden;Grenzland;Die Brücke;79713 Bad Säckingen;;;;;;;;;;;;;;
;;;;;;;;;;;;;;;;;;
806001;Baden;Bodensee;Jan Hus ;78462 Konstanz;;;;;;;;;;;;;;
806002;Baden;Bodensee;frei;;;;;;;;;;;;;;;
806003;Baden;Bodensee;Kon Tiki;88605 Meßkirch;;;;;;;;;;;;;;
806004;Baden;Bodensee;Regenbogenbaum;78050 Villingen;;;;;;;;;;;;;;
806005;Baden;Bodensee;Stamm Kirneck Unterkirnach;78089 Unterkirnach;;;;;;;;;;;;;;
;;;;;;;;;;;;;;;;;;
901001;Rheinland-Pfalz/Saar;Neu-Burgund;Franz von Sickingen;67434 Neustadt a. d. Weinstraße Hambach;;;;;;;;;;;;;;
901002;Rheinland-Pfalz/Saar;Neu-Burgund;St. Nikolaus;67158 Ellerstadt;;;;;;;;;;;;;;
901003;Rheinland-Pfalz/Saar;Neu-Burgund;Salier;67098 Bad Dürkheim;;;;;;;;;;;;;;
901004;Rheinland-Pfalz/Saar;Neu-Burgund;Hohenstaufen;67159 Friedelsheim;;;;;;;;;;;;;;
901005;Rheinland-Pfalz/Saar;Neu-Burgund;Hasalaha;67454 Haßloch;;;;;;;;;;;;;;
901006;Rheinland-Pfalz/Saar;Neu-Burgund;Ritter von Dalberg;67157 Wachenheim (a. d. Weinstraße);;;;;;;;;;;;;;
901007;Rheinland-Pfalz/Saar;Neu-Burgund;Hunnen;67146 Deidesheim;;;;;;;;;;;;;;
901008;Rheinland-Pfalz/Saar;Neu-Burgund;Siedlung Freinsheim;67251 Freinsheim;;;;;;;;;;;;;;
901009;Rheinland-Pfalz/Saar;Neu-Burgund;Siedlung Heinrich Lützel;67459 Böhl-Iggelheim;;;;;;;;;;;;;;
;;;;;;;;;;;;;;;;;;
902001;Rheinland-Pfalz/Saar;Pfälzer-Wald;Franz von Sickingen;66869 Kusel;;;;;;;;;;;;;;
902002;Rheinland-Pfalz/Saar;Pfälzer-Wald;Albert Schweitzer;66916 Breitenbach (Pfalz);;;;;;;;;;;;;;
902003;Rheinland-Pfalz/Saar;Pfälzer-Wald;Martin Luther;66892 Miesau;;;;;;;;;;;;;;
902004;Rheinland-Pfalz/Saar;Pfälzer-Wald;Dagobert;76829 Landau in der Pfalz Mörzheim;;;;;;;;;;;;;;
902005;Rheinland-Pfalz/Saar;Pfälzer-Wald;VCP Schloß Wartenstein;55606 Kirn;;;;;;;;;;;;;;
;;;;;;;;;;;;;;;;;;
903001;Rheinland-Pfalz/Saar;Tomburger Schar;Herigar;53340 Meckenheim (Rheinland);;;;;;;;;;;;;;
903002;Rheinland-Pfalz/Saar;Tomburger Schar;Pfalzgraf Ezzo;53359 Rheinbach;;;;;;;;;;;;;;
903003;Rheinland-Pfalz/Saar;Tomburger Schar;Richeza;53359 Rheinbach-Wormersdorf;;;;;;;;;;;;;;
903004;Rheinland-Pfalz/Saar;Tomburger Schar;Frei;;;;;;;;;;;;;;;
903005;Rheinland-Pfalz/Saar;Tomburger Schar;Herzog Otto II.;53343 Wachtberg;;;;;;;;;;;;;;
;;;;;;;;;;;;;;;;;;
904001;Rheinland-Pfalz/Saar;Nassau-Oranienburg;Ulrich von Hutten;56077 Koblenz Pfaffendorfer Höhe;;;;;;;;;;;;;;
904002;Rheinland-Pfalz/Saar;Nassau-Oranienburg;Heinrich von Plauen  ;56075 Koblenz Karthause;;;;;;;;;;;;;;
904003;Rheinland-Pfalz/Saar;Nassau-Oranienburg;Erwachsenenrunde Dampf 90;56727 Mayen;;;;;;;;;;;;;;
904004;Rheinland-Pfalz/Saar;Nassau-Oranienburg;Kleiner Prinz;56068 Koblenz Mitte;;;;;;;;;;;;;;
904005;Rheinland-Pfalz/Saar;Nassau-Oranienburg;Brandan;56179 Vallendar;;;;;;;;;;;;;;
904006;Rheinland-Pfalz/Saar;Nassau-Oranienburg;Franz von Sickingen;56567 Neuwied-Feldkirchen;;;;;;;;;;;;;;
904007;Rheinland-Pfalz/Saar;Nassau-Oranienburg;Vasqua;56154 Boppard (Rhein);;;;;;;;;;;;;;
904008;Rheinland-Pfalz/Saar;Nassau-Oranienburg;Siedlung Yakima;56281 Emmelshausen;;;;;;;;;;;;;;
904009;Rheinland-Pfalz/Saar;Nassau-Oranienburg;Albert Schweitzer;53424 Remagen-Kripp;;;;;;;;;;;;;;
;;;;;;;;;;;;;;;;;;
905001;Rheinland-Pfalz/Saar;Rheinfranken;John-F.-Kennedy;67227 Frankenthal (Pfalz);;;;;;;;;;;;;;
905002;Rheinland-Pfalz/Saar;Rheinfranken;Martin Luther King;67227 Frankenthal (Pfalz);;;;;;;;;;;;;;
905003;Rheinland-Pfalz/Saar;Rheinfranken;Wangari Maathai;67259 Beindersheim;;;;;;;;;;;;;;
905004;Rheinland-Pfalz/Saar;Rheinfranken;Nikolaus Graf von Zinzendorf;67063 Ludwigshafen (am Rhein) Friesenheim;;;;;;;;;;;;;;
905005;Rheinland-Pfalz/Saar;Rheinfranken;Albert Schweitzer;67245 Lambsheim;;;;;;;;;;;;;;
905006;Rheinland-Pfalz/Saar;Rheinfranken;Franz von Assisi;67229 Großkarlbach;;;;;;;;;;;;;;
905007;Rheinland-Pfalz/Saar;Rheinfranken;Nelson Mandela;67227 Frankenthal;;;;;;;;;;;;;;
905008;Rheinland-Pfalz/Saar;Rheinfranken;Frei;;;;;;;;;;;;;;;
;;;;;;;;;;;;;;;;;;
906001;Rheinland-Pfalz/Saar;Tronje;Die Spartaner ;54292 Trier ;;;;;;;;;;;;;;
906002;Rheinland-Pfalz/Saar;Tronje;Perceval;54295 Trier Mariahof;;;;;;;;;;;;;;
906003;Rheinland-Pfalz/Saar;Tronje;Siedlung Richard Löwenherz ;54329 Konz;;;;;;;;;;;;;;
906004;Rheinland-Pfalz/Saar;Tronje;Stamm Daun under;54550 Daun;;;;;;;;;;;;;;
;;;;;;;;;;;;;;;;;;
907001;Rheinland-Pfalz/Saar;Hammersteiner Ring;Otto von Hammerstein;56566 Neuwied;;;;;;;;;;;;;;
907002;Rheinland-Pfalz/Saar;Hammersteiner Ring;Philipp Melanchthon;56581 Melsbach;;;;;;;;;;;;;;
907003;Rheinland-Pfalz/Saar;Hammersteiner Ring;Reichenstein;57639 Oberdreis (Westerwald);;;;;;;;;;;;;;
;;;;;;;;;;;;;;;;;;
908001;Rheinland-Pfalz/Saar;Saar;Römer;66121 Saarbrücken;;;;;;;;;;;;;;
908002;Rheinland-Pfalz/Saar;Saar;Scheidterhaufen;66133 Saarbrücken Scheidt;;;;;;;;;;;;;;
908003;Rheinland-Pfalz/Saar;Saar;Sankt Georg    ;66287 Quierschied Fischbach;;;;;;;;;;;;;;
908004;Rheinland-Pfalz/Saar;Saar;Siedlung Löwe von Juda;66663 Merzig;;;;;;;;;;;;;;
;;;;;;;;;;;;;;;;;;
909001;Rheinland-Pfalz/Saar;Alt-Burgund;Dietrich Bonhoeffer;67278 Bockenheim a. d. Weinstraße;;;;;;;;;;;;;;
909002;Rheinland-Pfalz/Saar;Alt-Burgund;Nibelungen;67549 Worms;;;;;;;;;;;;;;
909003;Rheinland-Pfalz/Saar;Alt-Burgund;Grafen von Eberstein;67551 Worms Horchheim;;;;;;;;;;;;;;
909004;Rheinland-Pfalz/Saar;Alt-Burgund;Siedlung Sindilo ;67691 Hochspeyer ;;;;;;;;;;;;;;
909005;Rheinland-Pfalz/Saar;Alt-Burgund;Johannes Gutenberg ;55116 Mainz;;;;;;;;;;;;;;
909006;Rheinland-Pfalz/Saar;Alt-Burgund;Colugo;67283 Obrigheim (Pfalz);;;;;;;;;;;;;;
909007;Rheinland-Pfalz/Saar;Alt-Burgund;Leiningen;67273 Bobenheim am Berg;;;;;;;;;;;;;;
909008;Rheinland-Pfalz/Saar;Alt-Burgund;Lutra;67655 Kaiserslautern;;;;;;;;;;;;;;
909009;Rheinland-Pfalz/Saar;Alt-Burgund;Lohengrin;55268 Nieder-Olm;;;;;;;;;;;;;;
909010;Rheinland-Pfalz/Saar;Alt-Burgund;Parzival;55296 Harxheim (Rheinhessen);;;;;;;;;;;;;;
909011;Rheinland-Pfalz/Saar;Alt-Burgund;Cassiopeia ;55286 Wörrstadt;;;;;;;;;;;;;;
909012;Rheinland-Pfalz/Saar;Alt-Burgund;Siedlung Mainz Drais-Lerchenberg;55127 Mainz;;;;;;;;;;;;;;
